{"cameraMode":{"drawMode":0,"name":"Shaded","section":"Shading Mode"},"sceneLighting":true,"audioPlay":false,"sceneViewState":{"m_AlwaysRefresh":false,"showFog":true,"showSkybox":false,"showFlares":true,"showImageEffects":true,"showParticleSystems":true,"showVisualEffectGraphs":true,"m_FxEnabled":true},"in2DMode":false,"pivot":{"x":0.0038668811321258547,"y":1.6328644752502442,"z":-0.7546406984329224},"rotation":{"x":0.0058321417309343819,"y":0.9846765995025635,"z":0.17124804854393006,"w":-0.03344963118433952},"size":1.9043223857879639,"orthographic":false}